"source","target","explanation","flags"
"LANCER","","",""
"COMP/CON","","",""
"Massif Press","","",""
"GMS","","",""
"IPS-N","","",""
"SSC","","",""
"HORUS","","",""
"HA","","",""
"Lancer Core Book","","",""
"Pilot","พลขับ","",""
"Mech","หุ่น","",""
"Frame","โครงหุ่น","",""
"License","","",""
"Talent","","",""
"Skill Trigger","","",""
"Core Bonus","","",""
"Reserve","","",""
"System","ระบบ","",""
"Mod","","",""
"Weapon","","",""
"Mount","","",""
"Structure","โครงสร้าง","",""
"Stress","","",""
"Heat","","",""
"Overcharge","","",""
"Hull","โครง","",""
"Agility","","",""
"Systems","ระบบ","",""
"Engineering","วิศวกรรม","",""
"Armor","เกราะ","",""
"Evasion","หลบหลีก","",""
"Speed","","",""
"Size","","",""
"Sensors","","",""
"Grit","","",""
"Save","","",""
"None","","",""
"Active","","",""
"Pending","","",""
"Custom","","",""
"C/C","","",""
"E-Defense","","",""
"Heat Capacity","ความจุความร้อน","",""
"HeatCap","","",""
"Repair Capacity","","",""
"RepCap","","",""
"Tech Attack","","",""
"Burn","เผากัด","",""
"Kinetic","","",""
"Energy","พลังงานกระแส","",""
"Explosive","ระเบิด","",""
"Quick","","",""
"Full","","",""
"Free","","",""
"Protocol","","",""
"Reaction","","",""
"Exposed","ช่องเปิด","",""
"Lock On","","",""
"Shredded","","",""
"Immobilized","หยุดเครื่อน","",""
"Stunned","ชะงัก","",""
"Jammed","","",""
"Slowed","","",""
"Impaired","บกพร่อง","",""
"Prone","","",""
"Hidden","ซ่อน","",""
"Invisible","ล่องหน","",""
"Engaged","เข้าระยะ","",""
"Danger Zone","","",""
"Shut Down","","",""
"Brace","ตั้งป้อง","",""
"Cover","","",""
"Accuracy","","",""
"Difficulty","","",""
"Down and Out","","",""
"Blast","สะเก็ด","",""
"Bonus Damage","","",""
"Burst","คลื่น","",""
"Character","","",""
"Cone","","",""
"Critical Hit","","",""
"Damage","","",""
"Dangerous Terrain","","",""
"Difficult Terrain","","",""
"HP","HP","",""
"Immunity","ถูกคุ้ม","",""
"Involuntary Movement","ขยับโดยไม่จงใจ","",""
"Line","","",""
"Range","","",""
"Resistance","","",""
"Save Target","","",""
"System Points","แต้มระบบ","",""
"Teleport","","",""
"Threat","","",""
"Zero Gravity","","",""
"Fall Damage","ความเสียหายตก","",""
"Flight","บิน","",""
"Hover","","",""
"Accurate","","",""
"AI","AI","",""
"Armor-Piercing (AP)","เจาะเกราะ (จก.)","",""
"Archaic","","",""
"Arcing","","",""
"Deployable","","",""
"Drone","","",""
"Exotic Gear","อุปกรณ์พิเศษ","",""
"Free Action","","",""
"Full Action","","",""
"Full Tech","","",""
"Gear","","",""
"Grenade","","",""
"Heat (Self)","","",""
"Inaccurate","หยาบ","",""
"Indestructible","ทำลายไม่ได้","",""
"Invade","ทะลวง","",""
"Invulnerable","คงกระพัน","",""
"Irreducible","","",""
"Knockback","","",""
"Limited","","",""
"Loading (Multiple Uses)","","",""
"Loading","","",""
"Mine","","",""
"Modded","","",""
"Prevent Cascade","","",""
"Ordnance","เครื่องกระสุน","",""
"Overkill","","",""
"Overshield","","",""
"Personal Armor","","",""
"Pilot Weapon","อาวุธพลขับ","",""
"Quick Action","","",""
"Quick Tech","","",""
"Recharge","","",""
"Reliable","","",""
"Resistance (All)","","",""
"Seeking","","",""
"Shield","","",""
"Sidearm","","",""
"Smart","","",""
"Thrown","","",""
"Unique","","",""
"Unlimited","","",""
"Full Activation","","",""
"Quick Activation","","",""
"Barrage","ยิงฉาก","",""
"Bolster","","",""
"Boost","","",""
"Boot Up","เปิดเครื่อง","",""
"Disengage","","",""
"Dismount","","",""
"Eject","ดีดตัว","",""
"Fight","สู้","",""
"Grapple","","",""
"Hide","ซ่อนตัว","",""
"Improvised Attack","การโจมตีฉวย","",""
"Fragment Signal","","",""
"Jockey","","",""
"Move","","",""
"Overwatch","","",""
"Prepare","","",""
"Ram","","",""
"Reload","","",""
"Scan","","",""
"Search","","",""
"Self Destruct","","",""
"Skill Check","","",""
"Skirmish","","",""
"Stabilize","","",""
"General Massive Systems","","",""
"Harrison Armory","","",""
"IPS-Northstar","","",""
"Smith-Shimano Corpro","","",""
"SP","","",""
"E-DEF","","",""
"AGI","","",""
"TechAtk","","",""
"License Level","","",""
"LL","","",""
"Core System","","",""
"Core Power","","",""
"Downtime","","",""
"Pilot Gear","อุปกรณ์พลขับ","",""
"Structure Damage","ความเสียหายโครงสร้าง","",""
"Overheating","","",""
"Reactor Meltdown","","",""
"Cascade","วิกลจริต","",""
"Condition","","",""
"Roll","","",""
"NPC","","",""
"Tier","","",""
"Template","","",""
"Eidolon","","",""
"Shard","","",""
"Layer","","",""
"SITREP","","",""
"Bond","","",""
"Pilot Group","กลุ่มพลขับ","",""
"Limited Systems Bonus","","",""
"Auxiliary","เสริม","",""
"Main","","",""
"Heavy","หนัก","",""
"Superheavy","หนักพิเศษ","",""
"Aux","เสริม","",""
"Flex","ยืดหยุ่น","",""
"Integrated","ฝัง","",""
"Rifle","ปืนยาว","",""
"Cannon","ปืนลำกล้อง","",""
"Launcher","","",""
"CQB","CQB","",""
"Nexus","รังหุ่น","",""
"Melee","ระยะประชิด","",""
"Improvised","ฉวย","",""
"Tech","","",""
"Flight System","ระบบบิน","",""
"Applied Burn","","",""
"Variable","","",""
"Balanced","","",""
"Artillery","ยิงไกล","",""
"Striker","","",""
"Controller","","",""
"Support","สนับสนุน","",""
"Defender","","",""
"Resources","","",""
"Tactical","","",""
"Project","","",""
"Organization","","",""
"Bonus","","",""
"Ranged","ระยะไกล","",""
